medicine_name,generic_name,formula,category,symptoms_treated,uses,dosage_adult,dosage_child_2_12,dosage_child_under_2,dosage_elderly,dosage_pregnancy,side_effects,warnings,contraindications,drug_interactions,manufacturer,available_forms,generic_alternatives,substitutes,otc_or_prescription,age_group_suitability,min_age_years,pregnancy_safe,breastfeeding_safe,requires_prescription
Panadol,Paracetamol,C8H9NO2,Analgesic / Antipyretic,"fever,headache,mild to moderate pain,body ache,toothache,cold,flu","Relief of mild to moderate pain including headache, toothache, backache, menstrual pain. Reduction of fever.",500mg-1000mg every 4-6 hours; max 4000mg/day,10-15mg/kg every 4-6 hours; max 5 doses/24hr,Consult physician,500mg every 6 hours; use lower doses,Safe in all trimesters at recommended doses,"Rare at normal doses: nausea, allergic reactions; overdose causes liver damage",Do not exceed 4g/day; avoid alcohol; caution in liver disease; check other products for paracetamol,"Severe hepatic impairment, hypersensitivity to paracetamol","Warfarin (increased bleeding risk), alcohol",GlaxoSmithKline Pakistan,"Tablet 500mg, Syrup 120mg/5ml, Drops, Suspension","Paracetamol (generic), Calpol, Febrilix","Calpol, Febrilix, Paracetamol BP, Pyrol",OTC,all ages,0,True,True,False
Calpol,Paracetamol,C8H9NO2,Analgesic / Antipyretic,"fever,headache,mild pain,body ache,teething pain,cold,flu","Fever and mild to moderate pain relief, especially in children. Used for teething pain, immunization fever.",500mg-1000mg every 4-6 hours,120-250mg every 4-6 hours based on weight,60-120mg; consult physician,500mg every 6 hours,Safe at recommended doses,"Rare: skin rash, nausea; overdose causes hepatotoxicity",Avoid in severe liver disease; do not double dose; check for paracetamol in other medicines,"Hepatic impairment, paracetamol hypersensitivity","Warfarin, alcohol",GlaxoSmithKline Pakistan,"Syrup 120mg/5ml, Tablet 500mg, Suspension, Suppository","Paracetamol (generic), Panadol, Febrilix","Panadol, Febrilix, Pyrol, Dymadon",OTC,all ages,0,True,True,False
Brufen,Ibuprofen,C13H18O2,NSAID / Analgesic / Anti-inflammatory,"pain,fever,inflammation,arthritis,muscle pain,menstrual cramps,dental pain,headache","Relief of mild to moderate pain, inflammation, and fever. Used for arthritis, dysmenorrhea, dental pain, sports injuries.",200-400mg every 4-6 hours; max 1200mg/day OTC or 3200mg/day prescribed,5-10mg/kg every 6-8 hours; max 40mg/kg/day,Not recommended,Start with lowest dose; monitor renal function,Avoid after 20 weeks; safe in 1st trimester with caution,"GI upset, nausea, stomach pain, dizziness, edema, elevated blood pressure","Take with food; avoid in peptic ulcer, renal impairment; avoid in 3rd trimester of pregnancy; increases cardiovascular risk","Peptic ulcer disease, severe renal/hepatic impairment, NSAID allergy, 3rd trimester pregnancy","Aspirin, warfarin, ACE inhibitors, lithium, methotrexate",Abbott Laboratories Pakistan,"Tablet 200mg, 400mg, 600mg; Syrup 100mg/5ml; Gel",Ibuprofen (generic),"Neurofen, Advil, Combiflam, Ibugesic",OTC (low dose) / Prescription (high dose),adults and children over 2,2,False,True,False
Disprin,Aspirin (Acetylsalicylic Acid),C9H8O4,Analgesic / Antipyretic / Antiplatelet,"pain,fever,headache,cold,flu,heart attack prevention,blood clot prevention","Pain relief, fever reduction, anti-inflammatory. Low dose used for prevention of heart attack and stroke. Headache, cold, flu.",300-900mg every 4-6 hours; antiplatelet: 75-150mg/day,NOT recommended due to Reye's syndrome risk,Contraindicated,75-150mg for cardiovascular protection; monitor for GI bleeding,Avoid especially in 3rd trimester; low dose may be used under supervision,"GI bleeding, stomach irritation, nausea, tinnitus (ringing in ears), bruising",Never give to children under 16; avoid in bleeding disorders; take with food; avoid with anticoagulants,"Children under 16, bleeding disorders, active peptic ulcer, severe renal failure","Warfarin, NSAIDs, heparin, methotrexate, SSRIs",Reckitt Benckiser Pakistan,"Tablet 75mg, 300mg; Dispersible tablet","Aspirin (generic), Ecotrin, Cardiprin","Ecotrin, Cardiprin, Aspro",OTC,adults only,16,False,False,False
Ponstan,Mefenamic Acid,C15H15NO2,NSAID / Analgesic,"menstrual pain,dental pain,headache,mild to moderate pain,inflammatory pain","Relief of mild to moderate pain including dysmenorrhea (menstrual cramps), dental pain, headache, muscular pain. Short-term use only.",500mg initially then 250mg every 6 hours; max 7 days,25mg/kg/day in divided doses,Not recommended,Use with caution; renal monitoring required,Avoid; category C/D,"Diarrhea, nausea, stomach pain, dizziness, headache, skin rash",Short-term use only (max 7 days); avoid in kidney disease; take with food; stop if diarrhea occurs,"Renal impairment, inflammatory bowel disease, peptic ulcer, pregnancy (3rd trimester)","Warfarin, lithium, diuretics, ACE inhibitors",Pfizer Pakistan,"Capsule 250mg, 500mg; Suspension",Mefenamic Acid (generic),"Meftal, Mefinol, Ponstal",OTC / Prescription,adults and children over 2,2,False,False,False
Dicloran,Diclofenac Sodium,C14H11Cl2NO2Na,NSAID / Anti-inflammatory / Analgesic,"arthritis,joint pain,back pain,inflammation,muscle pain,postoperative pain,gout","Rheumatoid arthritis, osteoarthritis, ankylosing spondylitis, acute gout, back pain, postoperative pain, dysmenorrhea.",50mg 2-3 times/day or 75mg SR twice daily; max 150mg/day,1-3mg/kg/day in divided doses,Not recommended,Use lowest effective dose; monitor renal function,Avoid; use cautiously in 1st and 2nd trimester only,"GI upset, nausea, headache, dizziness, edema, elevated liver enzymes",Take with food; avoid in peptic ulcer; cardiovascular risk with prolonged use; monitor kidney function,"Peptic ulcer, severe hepatic/renal failure, heart failure, 3rd trimester pregnancy","Lithium, methotrexate, anticoagulants, diuretics, antihypertensives",Searle Pakistan,"Tablet 50mg, 75mg SR; Injection 75mg/3ml; Gel; Suppository",Diclofenac (generic),"Cataflam, Voltaren, Arthrotec",Prescription,adults and children over 2,2,False,False,True
Nuberol,Paracetamol + Orphenadrine Citrate,C8H9NO2 + C18H23NO·C6H8O7,Analgesic / Muscle Relaxant Combination,"muscle pain,back pain,spasm,neck pain,musculoskeletal pain,tension headache","Musculoskeletal pain with muscle spasm, back pain, neck pain, tension headache, fibromyalgia-related pain.",1-2 tablets 3 times daily,Not recommended,Contraindicated,Use with caution; lower doses preferred,Avoid,"Drowsiness, dry mouth, blurred vision, urinary retention, confusion",Avoid driving/machinery; avoid alcohol; caution in elderly; not for children,"Glaucoma, urinary retention, myasthenia gravis, children under 12","CNS depressants, alcohol, anticholinergics, propoxyphene",Searle Pakistan,Tablet; Forte Tablet,Paracetamol + Orphenadrine (generic),"Norgesic, Muscalm Plus",Prescription,adults only,18,False,False,True
Cataflam,Diclofenac Potassium,C14H11Cl2NO2K,NSAID / Analgesic / Anti-inflammatory,"pain,inflammation,dental pain,menstrual cramps,arthritis,injury pain","Acute pain, dysmenorrhea, dental pain, arthritis, sports injuries. Faster onset than diclofenac sodium.",50mg 3 times/day; max 150mg/day,1-3mg/kg/day,Not recommended,Lowest effective dose; renal monitoring,Avoid; teratogenic risk,"GI discomfort, nausea, headache, dizziness, elevated liver enzymes",Avoid in peptic ulcer; take with food; cardiovascular risk,"Active peptic ulcer, severe renal/hepatic impairment, 3rd trimester pregnancy","Anticoagulants, lithium, methotrexate, diuretics",Novartis Pakistan,"Tablet 25mg, 50mg; Dispersible tablet",Diclofenac Potassium (generic),"Dicloran, Voltaren Rapid",Prescription,adults and children over 2,2,False,False,True
Arinac,Ibuprofen + Pseudoephedrine,C13H18O2 + C10H15NO,NSAID + Decongestant Combination,"cold,flu,nasal congestion,sinus pain,headache,body ache,fever","Cold and flu symptoms including nasal congestion, sinus pain, headache, body aches, and fever.",1-2 tablets every 6 hours; max 4 doses/day,Not recommended,Contraindicated,Use with caution; cardiovascular monitoring,Avoid,"Insomnia, nervousness, increased blood pressure, GI upset, dizziness","Avoid in hypertension, heart disease, glaucoma; do not take with MAOIs; may cause insomnia","Hypertension, coronary artery disease, glaucoma, MAOI use, hyperthyroidism","MAOIs, antihypertensives, beta-blockers",Abbott Laboratories Pakistan,Tablet; Forte Tablet,Ibuprofen + Pseudoephedrine (generic),"Actifed Plus, Sinarest",OTC,adults only,12,False,False,False
Actifed,Triprolidine + Pseudoephedrine,C19H22N2 + C10H15NO,Antihistamine + Decongestant,"cold,nasal congestion,runny nose,sneezing,allergic rhinitis,sinusitis","Symptomatic relief of nasal congestion, rhinitis, sinusitis, common cold, allergic rhinitis.",1 tablet or 10ml syrup 3-4 times/day,2.5-5ml syrup 3-4 times/day,Consult physician,Lower doses; monitor for CNS and cardiac effects,Avoid especially 1st trimester,"Drowsiness, dry mouth, blurred vision, urinary retention, insomnia",May cause drowsiness; avoid alcohol; avoid in hypertension; do not drive; avoid in glaucoma,"Hypertension, coronary artery disease, glaucoma, MAOI use","MAOIs, alcohol, CNS depressants, antihypertensives",Pfizer Pakistan / GSK,Tablet; Syrup 100ml,Triprolidine + Pseudoephedrine (generic),"Arinac, Decadryl Plus",OTC,adults and children over 2,2,False,False,False
Rigix,Cetirizine HCl,C21H25ClN2O3·2HCl,Antihistamine (2nd generation),"allergy,allergic rhinitis,urticaria,hay fever,itching,skin rash,hives,watery eyes,sneezing","Seasonal and perennial allergic rhinitis, chronic urticaria (hives), allergic conjunctivitis, itching.",10mg once daily,5mg once daily (or 2.5mg twice daily),2.5mg once daily (1-2 years only under supervision),5mg once daily; renal dose adjustment,Category B; avoid if possible,"Mild drowsiness, dry mouth, headache, fatigue",May cause mild sedation; use with caution while driving; reduce dose in renal impairment,"Severe renal impairment (CrCl <10ml/min), hypersensitivity","Alcohol, CNS depressants (additive sedation)",Hilton Pharma Pakistan,Tablet 10mg; Syrup 5mg/5ml,Cetirizine (generic),"Zyrtec, Cetirizine, Cetzine",OTC,all ages,1,False,False,False
Zyrtec,Cetirizine HCl,C21H25ClN2O3·2HCl,Antihistamine (2nd generation),"allergy,allergic rhinitis,urticaria,hay fever,itching,skin rash,hives","Allergic rhinitis, chronic urticaria, allergic skin conditions, hay fever, itching.",10mg once daily,5mg once daily,2.5mg once daily (under physician supervision),5mg once daily,Avoid unless necessary,"Mild drowsiness, dry mouth, headache, fatigue",Mild sedating; reduce dose in renal impairment; avoid with alcohol,"Severe renal failure, hypersensitivity to cetirizine or hydroxyzine","Alcohol, CNS depressants",UCB Pharma / Pfizer Pakistan,Tablet 10mg; Syrup; Drops,"Cetirizine (generic), Rigix, Cetzine","Rigix, Cetzine, Alerid",OTC,all ages,1,False,False,False
Telfast,Fexofenadine HCl,C32H39NO4·HCl,"Antihistamine (2nd generation, non-sedating)","allergy,allergic rhinitis,urticaria,hay fever,itching,hives","Seasonal allergic rhinitis, chronic idiopathic urticaria (hives), hay fever. Non-sedating.",120mg once daily (rhinitis) or 180mg once daily (urticaria),30mg twice daily (6-11 years),Not recommended,Standard dose; caution in renal impairment,Avoid; category C,"Headache, nausea, dizziness, drowsiness (rare)",Avoid with fruit juices (reduces absorption); take with water; reduce dose in renal impairment,"Severe renal impairment, children under 6","Antacids (aluminum/magnesium), erythromycin, ketoconazole, fruit juices",Sanofi Pakistan,"Tablet 120mg, 180mg; Suspension 30mg/5ml",Fexofenadine (generic),"Allegra, Fexet, Histafree",OTC / Prescription,adults and children over 6,6,False,False,False
Claritin,Loratadine,C22H23ClN2O2,"Antihistamine (2nd generation, non-sedating)","allergy,allergic rhinitis,urticaria,sneezing,runny nose,hay fever,itching","Seasonal and perennial allergic rhinitis, chronic urticaria. Non-sedating antihistamine.",10mg once daily,5mg once daily (under 30kg); 10mg once daily (over 30kg),Not recommended,10mg every 48 hours if renal impairment,Category B; use with caution,"Headache, dry mouth, fatigue, nausea (rare)",Minimal sedation; reduce dose in hepatic/renal impairment; take on empty stomach for best absorption,"Hypersensitivity to loratadine, children under 2","Ketoconazole, erythromycin (increase loratadine levels)",Bayer / MSD Pakistan,Tablet 10mg; Syrup 5mg/5ml,Loratadine (generic),"Clarityne, Lorinase, Roletra",OTC,adults and children over 2,2,True,False,False
Lorinase,Loratadine,C22H23ClN2O2,"Antihistamine (2nd generation, non-sedating)","allergy,allergic rhinitis,urticaria,sneezing,runny nose,hay fever","Allergic rhinitis, urticaria, hay fever. Similar to Claritin.",10mg once daily,5mg once daily (under 30kg),Not recommended,Standard dose with renal adjustment,Use with caution,"Headache, dry mouth, drowsiness (rare)",Reduce dose in hepatic impairment,"Hypersensitivity, children under 2","Ketoconazole, erythromycin",Schering-Plough Pakistan,Tablet 10mg; Syrup,"Loratadine (generic), Claritin","Claritin, Roletra, Lortab",OTC,adults and children over 2,2,True,False,False
Augmentin,Amoxicillin + Clavulanic Acid,C16H19N3O5S + C8H9NO5,Antibiotic (Beta-lactam + Beta-lactamase inhibitor),"bacterial infection,sinusitis,tonsillitis,pneumonia,urinary tract infection,skin infection,ear infection,bronchitis","Treatment of bacterial infections including sinusitis, tonsillitis, otitis media, UTIs, lower respiratory tract infections, skin and soft tissue infections.",625mg (500/125) every 8 hours or 1g (875/125) every 12 hours; 7-10 days,25-45mg/kg/day of amoxicillin component in divided doses,25mg/kg/day; suspension preferred,Standard dose; renal adjustment if CrCl <30ml/min,Category B; safe when necessary,"Diarrhea, nausea, vomiting, skin rash, candidiasis",Ensure full course completed; take with food to reduce GI side effects; caution in penicillin allergy,"Penicillin/amoxicillin allergy, history of jaundice with amoxicillin-clavulanate","Warfarin, methotrexate, allopurinol, oral contraceptives",GlaxoSmithKline Pakistan,"Tablet 375mg, 625mg, 1g; Suspension 228.5mg/5ml; Injection",Amoxicillin + Clavulanate (generic),"Calamox, Amoxyclav, Clavam",Prescription,all ages,0,True,True,True
Calamox,Amoxicillin + Clavulanic Acid,C16H19N3O5S + C8H9NO5,Antibiotic (Beta-lactam + Beta-lactamase inhibitor),"bacterial infection,sinusitis,tonsillitis,UTI,skin infection,ear infection,pneumonia",Bacterial infections resistant to amoxicillin alone. Similar indications to Augmentin.,625mg every 8 hours; 7-14 days,25-45mg/kg/day in divided doses,25mg/kg/day suspension,Renal dose adjustment,Safe when clinically needed,"Diarrhea, nausea, skin rash, candidal overgrowth",Complete the full course; take with food,"Penicillin allergy, previous cholestatic jaundice with amoxiclav","Warfarin, oral contraceptives",Searle Pakistan,"Tablet 375mg, 625mg; Suspension",Amoxicillin + Clavulanate (generic),"Augmentin, Amoxyclav",Prescription,all ages,0,True,True,True
Azomax,Azithromycin,C38H72N2O12,Antibiotic (Macrolide),"bacterial infection,tonsillitis,sinusitis,pneumonia,bronchitis,chlamydia,typhoid,ear infection,skin infection","Community-acquired pneumonia, sinusitis, tonsillitis, pharyngitis, otitis media, skin infections, STIs including chlamydia, typhoid.",500mg once daily for 3-5 days; typhoid: 1g/day for 5 days,"10mg/kg on day 1, then 5mg/kg/day for 4 days",Consult physician; 10mg/kg/day for 3 days,Standard dose; caution in hepatic impairment,Category B; safe when necessary,"Nausea, diarrhea, abdominal pain, QT prolongation (rare), hearing changes",Avoid in QT prolongation; complete full course; take 1 hour before or 2 hours after meals,"QT prolongation, severe hepatic impairment, hypersensitivity to macrolides","Antacids (reduce absorption), warfarin, digoxin, QT-prolonging drugs",Getz Pharma Pakistan,"Tablet 250mg, 500mg; Capsule 250mg; Suspension 200mg/5ml",Azithromycin (generic),"Zithromax, Azee, Azomac",Prescription,all ages,0,True,True,True
Novidat,Ciprofloxacin,C17H18FN3O3,Antibiotic (Fluoroquinolone),"UTI,typhoid,bacterial diarrhea,bone infection,skin infection,respiratory infection,prostatitis","UTIs, typhoid fever, bacterial diarrhea, bone and joint infections, prostatitis, respiratory tract infections.",250-750mg every 12 hours; typhoid: 500mg twice daily for 10-14 days,Not recommended (affects cartilage); used only for specific severe infections,Contraindicated,Renal dose adjustment; tendon rupture risk,Avoid; category C,"Nausea, diarrhea, dizziness, photosensitivity, tendon rupture, QT prolongation",Avoid in children/adolescents; tendon rupture risk (especially in elderly); avoid prolonged sun exposure; take with plenty of water,"Children under 18 (unless severe), pregnancy, history of tendon disorders with fluoroquinolones","Antacids, iron, theophylline, warfarin, NSAIDs",Bayer Pakistan,"Tablet 250mg, 500mg, 750mg; Suspension; IV infusion",Ciprofloxacin (generic),"Cipro, Cifran, Ciplox",Prescription,adults only,18,False,False,True
Flagyl,Metronidazole,C6H9N3O3,Antibiotic / Antiprotozoal,"bacterial infection,amoeba,giardia,trichomoniasis,anaerobic infection,dental infection,H. pylori","Protozoal infections (amoebiasis, giardiasis, trichomoniasis), anaerobic bacterial infections, H. pylori (with other drugs), dental infections, bacterial vaginosis.",400-500mg 3 times/day for 5-10 days; amoebiasis: 800mg 3 times/day for 5 days,7.5mg/kg 3 times/day,Consult physician,Standard dose; hepatic caution,Avoid in 1st trimester; safe in 2nd and 3rd with caution,"Nausea, metallic taste, dark urine, headache, dizziness, peripheral neuropathy (long use)",Avoid alcohol (severe reaction); complete course; avoid in 1st trimester,"1st trimester pregnancy, alcohol use, hypersensitivity","Alcohol (disulfiram-like reaction), warfarin, lithium, phenytoin",Sanofi Pakistan,"Tablet 200mg, 400mg, 500mg; Suspension; IV; Suppository; Gel",Metronidazole (generic),"Metrogyl, Metrozine, Fasigyn",Prescription,adults and children,0,False,False,True
Cefspan,Cefixime,C16H15N5O7S2,Antibiotic (3rd generation Cephalosporin),"UTI,tonsillitis,ear infection,pneumonia,typhoid,gonorrhea,sinusitis,bronchitis","Urinary tract infections, otitis media, pharyngitis, tonsillitis, lower respiratory infections, typhoid, uncomplicated gonorrhea.",200-400mg daily or in divided doses,8mg/kg/day in 1-2 divided doses,Suspension 8mg/kg/day,Renal dose adjustment,Category B; safe when necessary,"Diarrhea, nausea, abdominal pain, skin rash, headache",Penicillin cross-sensitivity; complete full course; take with food if GI upset,"Cephalosporin allergy, severe renal impairment","Warfarin (increases INR), antacids (reduce absorption slightly)",Getz Pharma Pakistan,"Tablet 200mg, 400mg; Capsule; Suspension 100mg/5ml",Cefixime (generic),"Cefim, Zifi, Suprax",Prescription,all ages,0,True,True,True
Velosef,Cephradine,C16H19N3O4S,Antibiotic (1st generation Cephalosporin),"skin infection,respiratory infection,UTI,ear infection,tonsillitis,bone infection","Skin and soft tissue infections, respiratory infections, UTIs, otitis media, osteomyelitis.",250-500mg every 6 hours,25-50mg/kg/day in 4 divided doses,25mg/kg/day in 4 divided doses,Renal dose adjustment,Category B,"Diarrhea, nausea, skin rash, pseudomembranous colitis (rare)",Penicillin cross-sensitivity; complete full course,Cephalosporin allergy,Probenecid (increases cephradine levels),Squibb/BMS Pakistan,"Capsule 250mg, 500mg; Suspension; Injection",Cephradine (generic),"Anspor, Sefril",Prescription,all ages,0,True,True,True
Klaricid,Clarithromycin,C38H69NO13,Antibiotic (Macrolide),"respiratory infection,pneumonia,sinusitis,tonsillitis,H. pylori,skin infection,ear infection","Community-acquired pneumonia, sinusitis, pharyngitis, H. pylori eradication (triple therapy), skin infections, MAC infection in HIV.",250-500mg twice daily for 7-14 days,7.5mg/kg twice daily,Consult physician,Standard dose; renal/hepatic caution,Avoid; teratogenic in animals,"Nausea, diarrhea, abdominal pain, metallic taste, QT prolongation",Avoid in pregnancy; caution with QT-prolonging drugs; monitor liver function,"Pregnancy, QT prolongation, severe hepatic impairment","Statins (myopathy), warfarin, carbamazepine, QT-prolonging drugs, digoxin",Abbott Pakistan,"Tablet 250mg, 500mg; Suspension 125mg/5ml, 250mg/5ml",Clarithromycin (generic),"Klacid, Claribid",Prescription,adults and children,0,False,False,True
Klacid,Clarithromycin,C38H69NO13,Antibiotic (Macrolide),"respiratory infection,pneumonia,sinusitis,H. pylori,skin infection,tonsillitis","Same as Klaricid. Respiratory infections, H. pylori eradication, skin infections.",250-500mg twice daily,7.5mg/kg twice daily,Under physician supervision,Dose adjustment in renal failure,Contraindicated,"GI disturbances, metallic taste, headache, QT prolongation",Avoid in pregnancy; QT prolongation risk,"Pregnancy, QT prolongation, severe hepatic failure","Statins, warfarin, carbamazepine",Abbott Laboratories Pakistan,"Tablet 250mg, 500mg; Suspension",Clarithromycin (generic),"Klaricid, Claribid",Prescription,adults and children,0,False,False,True
Rocephin,Ceftriaxone Sodium,C18H16N8O7S3Na2,"Antibiotic (3rd generation Cephalosporin, Injectable)","severe bacterial infection,pneumonia,meningitis,septicemia,typhoid,gonorrhea,intra-abdominal infection","Severe bacterial infections: meningitis, pneumonia, septicemia, intra-abdominal infections, typhoid, gonorrhea, Lyme disease.",1-2g IV/IM once daily; meningitis: 4g/day,50-100mg/kg/day IV/IM once daily; meningitis: 100mg/kg/day,Neonates: 20-50mg/kg/day (avoid in hyperbilirubinemia),Standard dose; renal adjustment if very severe impairment,Category B; safe when necessary,"Local injection site reactions, diarrhea, skin rash, pseudomembranous colitis, biliary sludge",Do not mix with calcium-containing IV solutions; avoid in neonates with hyperbilirubinemia; hospital use,"Cephalosporin allergy, neonates with hyperbilirubinemia, with calcium-containing IV fluids","Calcium-containing solutions, warfarin",Roche Pakistan,"Injection 250mg, 500mg, 1g, 2g (IV/IM)",Ceftriaxone (generic),"Ceftron, Oframax, Terxone",Prescription,all ages,0,True,True,True
Oxidil,Cefuroxime,C16H16N4O8S,Antibiotic (2nd generation Cephalosporin),"respiratory infection,sinusitis,tonsillitis,UTI,skin infection,ear infection","Respiratory tract infections, sinusitis, otitis media, UTIs, skin infections, Lyme disease.",250-500mg twice daily for 5-10 days,15mg/kg twice daily (max 500mg/day); suspension available,10mg/kg twice daily; suspension,Renal dose adjustment,Category B,"Diarrhea, nausea, skin rash, headache",Complete the course; take with food for better absorption of suspension,Cephalosporin allergy,"Antacids, H2-blockers (reduce absorption), probenecid",GSK Pakistan / Getz Pharma,"Tablet 125mg, 250mg, 500mg; Suspension 125mg/5ml",Cefuroxime (generic),"Ceftin, Zinnat",Prescription,all ages,0,True,True,True
Cefim,Cefixime,C16H15N5O7S2,Antibiotic (3rd generation Cephalosporin),"UTI,tonsillitis,ear infection,typhoid,gonorrhea,pneumonia","Same as Cefspan. Urinary tract infections, otitis media, typhoid, uncomplicated gonorrhea.",200-400mg daily,8mg/kg/day,Suspension 8mg/kg/day,Renal adjustment,Category B,"Diarrhea, nausea, rash",Complete course; penicillin cross-allergy possible,Cephalosporin allergy,Warfarin,Getz Pharma Pakistan,Tablet 200mg; Suspension 100mg/5ml,Cefixime (generic),"Cefspan, Zifi, Suprax",Prescription,all ages,0,True,True,True
Ceforal,Cephalexin,C16H17N3O4S,Antibiotic (1st generation Cephalosporin),"skin infection,UTI,respiratory infection,bone infection,ear infection,tonsillitis","Skin and soft tissue infections, UTIs, respiratory infections, bone infections, otitis media.",250-500mg every 6 hours,25-50mg/kg/day in 4 divided doses,25mg/kg/day,Renal dose adjustment,Category B,"Diarrhea, nausea, skin rash",Complete the course; penicillin cross-allergy,Cephalosporin allergy,"Probenecid, warfarin",Various Pakistan manufacturers,"Capsule 250mg, 500mg; Suspension 125mg/5ml",Cephalexin (generic),"Keflex, Ospexin",Prescription,all ages,0,True,True,True
Zithromax,Azithromycin,C38H72N2O12,Antibiotic (Macrolide),"bacterial infection,tonsillitis,sinusitis,pneumonia,chlamydia,typhoid,skin infection","Identical indications to Azomax. Respiratory infections, chlamydia, typhoid, skin infections.",500mg once daily for 3-5 days,10mg/kg on day 1 then 5mg/kg/day x4 days,10mg/kg/day for 3 days,Standard dose; caution in hepatic disease,Category B,"Nausea, diarrhea, abdominal pain, QT prolongation",QT prolongation risk; take 1 hour before meals,"QT prolongation, macrolide hypersensitivity","Antacids, warfarin, digoxin",Pfizer Pakistan,"Tablet 250mg, 500mg; Suspension","Azithromycin (generic), Azomax","Azomax, Azomac, Azee",Prescription,all ages,0,True,True,True
Amoxil,Amoxicillin Trihydrate,C16H19N3O5S,Antibiotic (Aminopenicillin),"tonsillitis,ear infection,sinusitis,UTI,pneumonia,skin infection,H. pylori","Tonsillitis, otitis media, sinusitis, UTIs, community-acquired pneumonia, H. pylori (with other agents), skin infections.",250-500mg every 8 hours or 875mg every 12 hours,25-50mg/kg/day in divided doses,Suspension 25mg/kg/day,Renal dose adjustment,Category B; safe,"Diarrhea, nausea, skin rash (especially in viral infections), candidal overgrowth",Complete the course; avoid in penicillin allergy; rash common in viral infections (not allergy),"Penicillin allergy, infectious mononucleosis","Warfarin, oral contraceptives, allopurinol (rash risk)",GSK Pakistan,"Capsule 250mg, 500mg; Suspension 125mg/5ml, 250mg/5ml; Drops",Amoxicillin (generic),"Amoxil, Moxatag, Trimox",Prescription,all ages,0,True,True,True
Risek,Omeprazole,C17H19N3O3S,Proton Pump Inhibitor (PPI),"acidity,heartburn,GERD,peptic ulcer,H. pylori,gastritis,acid reflux","GERD, peptic ulcer disease, Zollinger-Ellison syndrome, H. pylori eradication (part of triple therapy), prevention of NSAID-induced ulcers.",20-40mg once daily before breakfast; 4-8 weeks for ulcers,0.7-1.4mg/kg/day (max 20mg/day),Not established; consult physician,Standard dose,Category C; use if benefits outweigh risks,"Headache, nausea, diarrhea, abdominal pain, hypomagnesemia (long term), C. diff risk","Long-term use risks: fractures, hypomagnesemia, C. difficile; take 30-60 mins before meals",Hypersensitivity to PPIs,"Clopidogrel (reduced effect), methotrexate, digoxin, warfarin, ketoconazole",Getz Pharma Pakistan,"Capsule 20mg, 40mg; IV injection",Omeprazole (generic),"Nexum, Losec, Omeprol",OTC / Prescription,adults and children over 1,1,False,False,False
Omega,Omeprazole,C17H19N3O3S,Proton Pump Inhibitor (PPI),"acidity,heartburn,GERD,peptic ulcer,gastritis","Acid reflux, heartburn, GERD, peptic ulcer, gastritis. Generic alternative to Risek.",20-40mg once daily before breakfast,0.7mg/kg/day,Not established,Standard dose,Use with caution,"Headache, nausea, diarrhea, flatulence",Hypomagnesemia with long-term use; fracture risk,PPI hypersensitivity,"Clopidogrel, ketoconazole, methotrexate",Sami Pharmaceuticals Pakistan,"Capsule 20mg, 40mg","Omeprazole (generic), Risek","Risek, Nexum, Losec",OTC / Prescription,adults and children over 1,1,False,False,False
Nexum,Esomeprazole Magnesium,C17H19N3O3S·Mg,Proton Pump Inhibitor (PPI),"GERD,heartburn,acidity,peptic ulcer,erosive esophagitis,H. pylori","GERD, erosive esophagitis, H. pylori eradication, Zollinger-Ellison syndrome, NSAID-induced ulcer prevention.",20-40mg once daily for 4-8 weeks,10-20mg once daily,Not recommended,Standard dose,Category B; safer than omeprazole,"Headache, diarrhea, nausea, flatulence, abdominal pain",Long-term risks as with all PPIs; take before meals,"PPI hypersensitivity, coadministration with rilpivirine","Clopidogrel, methotrexate, digoxin, ketoconazole",AstraZeneca Pakistan,"Tablet/Capsule 20mg, 40mg; IV injection",Esomeprazole (generic),"Risek, Zurcal, Controloc",Prescription,adults and children over 2,2,True,False,True
Zurcal,Pantoprazole,C16H15F2N3O4S,Proton Pump Inhibitor (PPI),"GERD,heartburn,peptic ulcer,erosive esophagitis,Zollinger-Ellison syndrome","GERD, erosive esophagitis, peptic ulcer, Zollinger-Ellison syndrome. Fewer drug interactions than omeprazole.",40mg once daily,Not established; use with caution,Not recommended,Standard dose,Category B,"Headache, diarrhea, nausea, abdominal pain, flatulence",Fewer drug interactions than omeprazole; long-term use risks apply,PPI hypersensitivity,"Warfarin, methotrexate (fewer interactions than omeprazole)",Zydus / Searle Pakistan,"Tablet 20mg, 40mg; IV injection",Pantoprazole (generic),"Controloc, Protonix, Pantium",Prescription,adults,12,True,False,True
Controloc,Pantoprazole,C16H15F2N3O4S,Proton Pump Inhibitor (PPI),"GERD,heartburn,peptic ulcer,erosive esophagitis","GERD, peptic ulcer, erosive esophagitis. Brand of pantoprazole.",40mg once daily,Not routinely used,Not recommended,Standard dose,Category B,"Headache, diarrhea, nausea, flatulence",Same as Zurcal,PPI hypersensitivity,"Warfarin, methotrexate",Takeda Pakistan / Nycomed,Tablet 40mg; IV injection,"Pantoprazole (generic), Zurcal","Zurcal, Pantium",Prescription,adults,12,True,False,True
Gaviscon,Sodium Alginate + Sodium Bicarbonate + Calcium Carbonate,Alginate compound,Antacid / Alginate Barrier,"heartburn,acid reflux,GERD,indigestion,regurgitation","Symptomatic relief of heartburn and acid reflux, particularly after meals or at night. Forms a raft on stomach contents.",10-20ml or 2-4 tablets after meals and at bedtime,5-10ml after meals (6-12 years),Consult physician; infant formulation available,Standard dose,Safe; preferred antacid in pregnancy,"Rarely: constipation, diarrhea, sodium overload in susceptible patients",High sodium content — caution in heart failure and hypertension; not a substitute for PPI in severe GERD,"Severe renal impairment, low sodium diet",May reduce absorption of other drugs if taken together,Reckitt Benckiser Pakistan,Liquid suspension 150ml; Tablet; Infant drops,No direct generic equivalent,"Rennie, Maalox, Gelusil",OTC,all ages,0,True,True,False
Rennie,Calcium Carbonate + Magnesium Carbonate,CaCO3 + MgCO3,Antacid,"heartburn,indigestion,acid stomach,bloating,gas","Rapid relief of heartburn, indigestion, and acid stomach. Chewable antacid.",2 tablets after meals and at bedtime (max 16 tablets/day),1 tablet; not recommended under 6 without advice,Not recommended,Standard dose; monitor calcium intake,Safe in normal doses,"Constipation (calcium), diarrhea (magnesium), rebound acidity",Do not use as sole therapy for GERD; excessive use causes electrolyte imbalance,"Hypercalcemia, severe renal impairment","Reduces absorption of tetracyclines, fluoroquinolones, iron",Bayer Pakistan,Chewable tablet,Calcium + Magnesium Carbonate antacids,"Gaviscon, Maalox, Gelusil",OTC,adults and children over 6,6,True,True,False
Motilium,Domperidone,C22H24ClN5O2,Prokinetic / Antiemetic,"nausea,vomiting,bloating,gastroparesis,delayed gastric emptying,regurgitation","Nausea, vomiting, bloating, gastroparesis, gastro-oesophageal reflux in children.",10mg 3 times/day before meals; max 30mg/day,0.25mg/kg 3 times/day,Suspension 0.25mg/kg 3 times/day; highest risk of cardiac effects,Use lowest dose; cardiac monitoring,Avoid; limited data,"QT prolongation (rare), dry mouth, galactorrhea, headache",Maximum 1 week use; cardiac risk at high doses or with QT-prolonging drugs; avoid in children under 35kg,"QT prolongation, hepatic failure, prolactin-secreting tumors","Ketoconazole, erythromycin, QT-prolonging drugs",Janssen Pakistan,Tablet 10mg; Suspension 1mg/ml; Suppository,Domperidone (generic),"Domel, Vometa, Navidoxine",Prescription,adults and children,0,False,False,True
Domel,Domperidone,C22H24ClN5O2,Prokinetic / Antiemetic,"nausea,vomiting,bloating,gastroparesis","Nausea, vomiting, bloating. Domperidone brand in Pakistan.",10mg 3 times/day before meals,0.25mg/kg 3 times/day,0.25mg/kg 3 times/day (suspension),Use lowest effective dose,Avoid,"QT prolongation, dry mouth, galactorrhea",Short-term use; cardiac monitoring,"QT prolongation, hepatic failure","Ketoconazole, erythromycin",Various Pakistan,Tablet 10mg; Suspension,"Domperidone (generic), Motilium","Motilium, Vometa",Prescription,all ages,0,False,False,True
Pepto-Bismol,Bismuth Subsalicylate,C7H5BiO4,Antidiarrheal / Antacid,"diarrhea,indigestion,nausea,stomach upset,H. pylori,traveler diarrhea","Traveler's diarrhea, indigestion, nausea, stomach upset, part of H. pylori eradication.",30ml or 2 tablets every 30-60 min; max 8 doses/day,5-15ml based on age every 30-60 min,Not recommended,Standard dose,Avoid (salicylate component),"Black tongue/stool, tinnitus (high doses), constipation",Contains salicylate — avoid in aspirin allergy and children with viral illness (Reye's risk),"Aspirin allergy, children under 12 with viral illness, pregnancy","Tetracyclines (reduces absorption), anticoagulants",Procter & Gamble / Haleon Pakistan,Liquid; Chewable tablet,Bismuth subsalicylate (generic),"Imodium, Loperamide, Kaopectate",OTC,adults and children over 12,12,False,False,False
Ventolin,Salbutamol (Albuterol),C13H21NO3,Bronchodilator (Short-acting Beta-2 agonist - SABA),"asthma,wheezing,shortness of breath,bronchospasm,COPD,exercise-induced asthma","Acute asthma attacks, bronchospasm, COPD, exercise-induced bronchospasm. Rescue inhaler.",Inhaler: 100-200mcg (1-2 puffs) every 4-6 hours as needed; Nebulizer: 2.5mg in 2.5ml saline,100mcg (1 puff) every 4-6 hours as needed; Nebulizer: 1.25-2.5mg,100mcg via spacer; nebulizer 0.15mg/kg,Standard inhaled dose; caution in cardiac disease,Category C; safe when necessary for asthma,"Tremor, palpitations, tachycardia, headache, hypokalemia (high doses)","Rescue inhaler only; if using >2 times/week, controller therapy needed; overuse masks worsening asthma",Hypersensitivity to salbutamol,"Beta-blockers (antagonize), MAOIs, tricyclics, diuretics (hypokalemia)",GSK Pakistan,"MDI Inhaler 100mcg/dose; Nebulizing solution; Tablet 2mg, 4mg; Syrup","Salbutamol (generic), Albuterol","Aerolin, Proventil, Asthalin",Prescription,all ages,0,True,True,True
Seretide,Fluticasone Propionate + Salmeterol,C25H31F3O5S + C25H37NO4,Inhaled Corticosteroid + Long-acting Beta-2 agonist (ICS/LABA),"asthma,COPD,chronic wheezing,exercise-induced asthma",Maintenance therapy for asthma and COPD. Combination of inhaled steroid and long-acting bronchodilator.,1 puff (50/100 or 50/250 or 50/500 mcg) twice daily,1 puff 50/100mcg twice daily (age >4 years),Not recommended under 4 years,Standard dose,Use if benefits outweigh risks; continue for asthma control,"Oral candidiasis, hoarseness, throat irritation; systemic effects with high doses",Not a rescue inhaler; rinse mouth after use to prevent oral thrush; do not stop suddenly,Hypersensitivity to components; not for acute attacks,"Ketoconazole (increases fluticasone), MAOIs",GSK Pakistan,"Evohaler MDI 50/100, 50/250, 50/500 mcg; Accuhaler",Fluticasone + Salmeterol (generic),"Symbicort, Salmethasone, Fusair",Prescription,adults and children over 4,4,True,True,True
Symbicort,Budesonide + Formoterol,C25H34O6 + C19H23NO4,Inhaled Corticosteroid + Long-acting Beta-2 agonist (ICS/LABA),"asthma,COPD,chronic bronchospasm",Maintenance therapy for asthma and COPD. Also approved for SMART (maintenance and reliever therapy).,1-2 puffs (160/4.5 or 320/9 mcg) 1-2 times daily; SMART: 1-2 puffs as needed,80/4.5mcg 1-2 puffs twice daily (age 6+),Not recommended,Standard dose,Safer than uncontrolled asthma; continue if needed,"Oral candidiasis, hoarseness, palpitations, tremor",Rinse mouth after use; not for acute attack (unless SMART approach); gradual dose reduction only,Hypersensitivity; not for sole acute bronchospasm treatment,"Ketoconazole, MAOIs, beta-blockers",AstraZeneca Pakistan,"Turbuhaler 160/4.5 mcg, 320/9 mcg; Rapihaler",Budesonide + Formoterol (generic),"Seretide, Salmethasone",Prescription,adults and children over 6,6,True,True,True
Pulmicort,Budesonide,C25H34O6,Inhaled Corticosteroid (ICS),"asthma,chronic airway inflammation,COPD",Maintenance therapy for asthma. Inhaled corticosteroid for airway inflammation control.,200-800mcg/day via Turbuhaler in divided doses,200-400mcg/day via Turbuhaler or nebulizer,Nebulizer 0.25-0.5mg twice daily,Standard inhaled dose,Preferred ICS in pregnancy,"Oral candidiasis, hoarseness, adrenal suppression (high doses)",Rinse mouth after use; do not stop suddenly; not a rescue inhaler,Hypersensitivity; status asthmaticus alone,"Ketoconazole, itraconazole",AstraZeneca Pakistan,"Turbuhaler 100mcg, 200mcg, 400mcg; Nebulizing suspension 0.25mg/ml, 0.5mg/ml",Budesonide (generic),"Budecort, Foracort",Prescription,all ages,0,True,True,True
Atrovent,Ipratropium Bromide,C20H30BrNO3,Anticholinergic Bronchodilator (Short-acting muscarinic antagonist - SAMA),"COPD,chronic bronchitis,emphysema,acute asthma (adjunct),bronchospasm","COPD maintenance, acute asthma in combination with salbutamol, chronic bronchitis, emphysema.",Inhaler: 20mcg 3-4 times/day; Nebulizer: 250-500mcg 3-4 times/day,Nebulizer: 125-250mcg 3 times/day,125mcg nebulizer,Standard dose; caution in glaucoma and urinary retention,Category B; use if necessary,"Dry mouth, urinary retention, constipation, blurred vision, palpitations",Avoid in glaucoma; avoid eye contact with nebulized solution; not first-choice for asthma,"Allergy to atropine, glaucoma (open-angle fine with care)","Anticholinergics (additive), beta-blockers (reduced efficacy)",Boehringer Ingelheim Pakistan,MDI Inhaler 20mcg/dose; Nebulizer solution 250mcg/ml,Ipratropium (generic),"Ipravent, Combiven (with salbutamol)",Prescription,all ages,0,True,True,True
Singulair,Montelukast Sodium,C35H36ClNO3S·Na,Leukotriene Receptor Antagonist,"asthma,allergic rhinitis,exercise-induced asthma,chronic urticaria","Prophylaxis and chronic treatment of asthma, allergic rhinitis, exercise-induced bronchoconstriction.",10mg once daily in evening,5mg chewable tablet once daily (6-14 years); 4mg granules or chewable (2-5 years),4mg granules once daily (1-2 years),10mg once daily,Category B; use if needed,"Headache, abdominal pain, neuropsychiatric effects (mood changes, depression, suicidality – rare)",Monitor for mood/behavior changes; not for acute attacks; contains phenylalanine in chewable tablets,"Phenylketonuria (chewable), hypersensitivity","Phenobarbital, rifampicin (reduce montelukast levels)",MSD Pakistan,"Tablet 10mg; Chewable tablet 4mg, 5mg; Granules 4mg",Montelukast (generic),"Montair, Lukast, Aerovent",Prescription,all ages,1,True,False,True
Aerolin,Salbutamol (Albuterol),C13H21NO3,Bronchodilator (Short-acting Beta-2 agonist - SABA),"asthma,bronchospasm,wheezing,COPD",Acute relief of bronchospasm in asthma and COPD. Rescue inhaler — similar to Ventolin.,100-200mcg (1-2 puffs) every 4-6 hours,100mcg (1 puff) every 4-6 hours,100mcg with spacer,Standard dose with cardiac caution,Safe when needed,"Tremor, palpitations, tachycardia, headache",Rescue use only; overuse indicates poor control,Salbutamol hypersensitivity,"Beta-blockers, MAOIs, diuretics",3M / Reckitt Pakistan,MDI Inhaler 100mcg/dose,"Salbutamol (generic), Ventolin","Ventolin, Asthalin",Prescription,all ages,0,True,True,True
Glucophage,Metformin HCl,C4H11N5·HCl,Antidiabetic (Biguanide),"type 2 diabetes,high blood sugar,insulin resistance,PCOS",First-line treatment for type 2 diabetes mellitus. Also used for prediabetes and PCOS.,500mg twice or thrice daily with meals; max 2550mg/day,500mg twice daily (10+ years); max 2000mg/day,Not recommended,Start with 500mg; monitor renal function; avoid if eGFR <30,Category B; often used in gestational diabetes and PCOS,"Nausea, vomiting, diarrhea, metallic taste, lactic acidosis (rare)",Hold before contrast media procedures; avoid in renal impairment (eGFR <30); monitor B12 levels long-term,"eGFR <30ml/min, hepatic failure, alcohol abuse, contrast media procedures","Contrast dye, alcohol, cimetidine, insulin",Merck Pakistan,"Tablet 500mg, 850mg, 1000mg; Extended-release 500mg, 750mg, 1000mg",Metformin (generic),"Glyciphage, Metformin SR, Diaformin",Prescription,adults and children over 10,10,True,True,True
Getryl,Glimepiride,C24H34N4O5S,Antidiabetic (Sulfonylurea),"type 2 diabetes,high blood sugar",Type 2 diabetes mellitus. Stimulates insulin secretion from pancreatic beta cells.,1-4mg once daily with first main meal; max 8mg/day,Not recommended,Contraindicated,Start 1mg; hypoglycemia risk higher,Avoid; switch to insulin,"Hypoglycemia, weight gain, nausea, dizziness, skin reactions",Risk of hypoglycemia especially with missed meals; avoid alcohol; monitor blood glucose,"Type 1 diabetes, DKA, renal/hepatic failure, pregnancy","Alcohol, NSAIDs, salicylates, warfarin, MAOIs, beta-blockers",Getz Pharma Pakistan,"Tablet 1mg, 2mg, 3mg, 4mg",Glimepiride (generic),"Amaryl, Glimepride, Glimpid",Prescription,adults only,18,False,False,True
Diamicron,Gliclazide,C15H21N3O3S,Antidiabetic (Sulfonylurea),"type 2 diabetes,high blood sugar",Type 2 diabetes. Second-generation sulfonylurea with additional antiplatelet effects.,40-80mg twice daily (IR) or 30-120mg once daily (MR),Not recommended,Contraindicated,Start low; MR preferred; hypoglycemia risk,Avoid; use insulin,"Hypoglycemia, weight gain, GI upset",Hypoglycemia risk with missed meals; alcohol increases risk,"Type 1 diabetes, DKA, pregnancy","Alcohol, NSAIDs, warfarin, beta-blockers",Servier Pakistan,"Tablet 80mg; MR tablet 30mg, 60mg",Gliclazide (generic),"Diabrez, Glizid MR",Prescription,adults only,18,False,False,True
Januvia,Sitagliptin Phosphate,C16H15F6N5O·H3PO4,Antidiabetic (DPP-4 inhibitor),"type 2 diabetes,high blood sugar","Type 2 diabetes as monotherapy or combination. Inhibits DPP-4 enzyme, increases incretin levels.",100mg once daily,Not recommended,Contraindicated,Dose based on renal function; no dose reduction normally needed,Avoid; limited data,"Nasopharyngitis, headache, pancreatitis (rare), joint pain",Risk of pancreatitis; renal dose adjustment; discontinue if pancreatitis suspected,"Type 1 diabetes, DKA, pancreatitis history",Digoxin (minor increase),MSD Pakistan,Tablet 100mg; 50mg (renal dose),Sitagliptin (generic),"Galvus (vildagliptin), Trajenta",Prescription,adults only,18,False,False,True
Galvus,Vildagliptin,C17H25N3O2,Antidiabetic (DPP-4 inhibitor),"type 2 diabetes,high blood sugar","Type 2 diabetes, as monotherapy or combination with metformin, sulfonylureas, or insulin.",50mg twice daily (monotherapy or with insulin/sulfonylurea: once daily),Not recommended,Contraindicated,Standard dose; caution in renal impairment,Avoid,"Nasopharyngitis, dizziness, headache, peripheral edema, liver enzyme elevation",Monitor liver function; pancreatitis risk; renal dose adjustment,"Severe renal impairment, hepatic impairment",ACE inhibitors (angioedema risk),Novartis Pakistan,Tablet 50mg,Vildagliptin (generic),"Januvia, Trajenta",Prescription,adults only,18,False,False,True
Janumet,Sitagliptin + Metformin,C16H15F6N5O + C4H11N5,Antidiabetic combination (DPP-4 inhibitor + Biguanide),"type 2 diabetes,high blood sugar",Type 2 diabetes when both sitagliptin and metformin are appropriate.,50/500mg or 50/1000mg twice daily with meals,Not recommended,Contraindicated,Renal dose adjustment; avoid if eGFR <45,Avoid,"Nausea, diarrhea, nasopharyngitis, headache, pancreatitis (rare)",Hold before contrast; lactic acidosis risk from metformin component,"eGFR <45, hepatic failure, pancreatitis history","Contrast media, alcohol, cimetidine",MSD Pakistan,"Tablet 50mg/500mg, 50mg/1000mg",Sitagliptin + Metformin (generic),"Efficib, Velmetia",Prescription,adults only,18,False,False,True
Amaryl,Glimepiride,C24H34N4O5S,Antidiabetic (Sulfonylurea),"type 2 diabetes,high blood sugar",Type 2 diabetes. Brand of glimepiride by Sanofi.,1-4mg once daily with breakfast,Not recommended,Contraindicated,Start 1mg; hypoglycemia risk,Avoid,"Hypoglycemia, weight gain, nausea",Hypoglycemia risk; avoid in renal/hepatic failure,"Type 1 diabetes, DKA, pregnancy","Alcohol, NSAIDs, warfarin",Sanofi Pakistan,"Tablet 1mg, 2mg, 3mg, 4mg","Glimepiride (generic), Getryl","Getryl, Glimepride",Prescription,adults only,18,False,False,True
Glyciphage,Metformin HCl,C4H11N5·HCl,Antidiabetic (Biguanide),"type 2 diabetes,high blood sugar,PCOS,insulin resistance","Type 2 diabetes, PCOS. Metformin brand alternative to Glucophage.",500-2000mg/day with meals,500mg twice daily (10+ years),Not recommended,Renal monitoring; avoid if eGFR <30,Safe in PCOS and gestational diabetes under supervision,"GI upset, metallic taste, lactic acidosis (rare)",Avoid with contrast media; monitor renal function,"eGFR <30, hepatic failure","Contrast, alcohol, cimetidine",Franco-Indian Pharmaceuticals / Various Pakistan,"Tablet 500mg, 850mg, 1000mg; SR tablets",Metformin (generic),"Glucophage, Diaformin",Prescription,adults and children over 10,10,True,True,True
Norvasc,Amlodipine Besylate,C20H25ClN2O5·C6H6O3S,Antihypertensive (Calcium Channel Blocker - CCB),"hypertension,angina,high blood pressure,coronary artery disease","Hypertension, stable angina, vasospastic angina, coronary artery disease.",5-10mg once daily,2.5-5mg once daily (6-17 years),Not established,Start 2.5mg; titrate slowly,Category C; avoid if possible,"Peripheral edema (ankle swelling), headache, flushing, dizziness, palpitations",Ankle edema common; hepatic dose adjustment; avoid abrupt withdrawal in angina,"Cardiogenic shock, severe aortic stenosis, unstable angina (without beta-blocker)","Simvastatin (max 20mg when co-prescribed), cyclosporine, tacrolimus",Pfizer Pakistan,"Tablet 5mg, 10mg",Amlodipine (generic),"Exforge (with valsartan), Amlopin, Amcard",Prescription,adults and children over 6,6,False,False,True
Concor,Bisoprolol Fumarate,C18H31NO4·C4H4O4,Antihypertensive / Cardiac (Beta-1 selective blocker),"hypertension,heart failure,angina,high blood pressure,arrhythmia","Hypertension, stable chronic heart failure, angina. Cardioselective beta-blocker.",2.5-10mg once daily,Not well established; rarely used,Not recommended,Start 1.25-2.5mg; titrate slowly,Category C; avoid if possible,"Bradycardia, fatigue, cold extremities, dizziness, bronchospasm (less than non-selective)",Do not stop abruptly (rebound angina); mask hypoglycemia symptoms; caution in asthma,"Severe asthma, AV block, cardiogenic shock, severe bradycardia","Verapamil, diltiazem, clonidine, antidiabetics (masks hypoglycemia)",Merck Pakistan,"Tablet 1.25mg, 2.5mg, 5mg, 10mg",Bisoprolol (generic),"Bisol, Bisocar",Prescription,adults only,18,False,False,True
Tenormin,Atenolol,C14H22N2O3,Antihypertensive (Cardioselective Beta-blocker),"hypertension,angina,heart attack prevention,arrhythmia,high blood pressure","Hypertension, angina, post-myocardial infarction, arrhythmias. Long-standing beta-blocker.",25-100mg once daily,0.5-1mg/kg once daily,Not recommended,25-50mg; renal dose adjustment,Category D; avoid; causes IUGR,"Bradycardia, fatigue, cold extremities, dizziness, bronchospasm",Do not stop abruptly; renal dose adjustment; caution in asthma and diabetes,"Asthma, AV block, severe bradycardia, cardiogenic shock","Verapamil, diltiazem, NSAIDs, antidiabetics",AstraZeneca Pakistan,"Tablet 25mg, 50mg, 100mg",Atenolol (generic),"Aten, Blokium",Prescription,adults and children,0,False,False,True
Cozaar,Losartan Potassium,C22H23ClN6O·K,Antihypertensive (ARB - Angiotensin II Receptor Blocker),"hypertension,diabetic nephropathy,heart failure,high blood pressure","Hypertension, diabetic nephropathy (type 2 diabetes), heart failure, stroke prevention in hypertension with LVH.",50-100mg once daily,0.7mg/kg once daily (max 50mg),Not recommended,Start 25-50mg; no specific renal adjustment needed,Contraindicated (teratogenic in 2nd/3rd trimester),"Dizziness, hyperkalemia, renal impairment, upper respiratory infection",Avoid in pregnancy; monitor potassium and renal function; avoid with ACE inhibitor combination,"Pregnancy, bilateral renal artery stenosis, hyperkalemia","NSAIDs, potassium supplements, ACE inhibitors, rifampicin",MSD Pakistan,"Tablet 25mg, 50mg, 100mg",Losartan (generic),"Micardis (telmisartan), Diovan (valsartan)",Prescription,adults and children over 6,6,False,False,True
Micardis,Telmisartan,C33H30N4O2,Antihypertensive (ARB),"hypertension,cardiovascular risk reduction,high blood pressure","Hypertension, cardiovascular risk reduction in high-risk patients. Longest-acting ARB.",20-80mg once daily,Not established,Not recommended,Start 20mg; no renal adjustment needed,Contraindicated,"Dizziness, upper respiratory tract infection, diarrhea, hyperkalemia",Avoid in pregnancy; hepatic dose adjustment; monitor potassium,"Pregnancy, severe hepatic impairment, biliary obstruction","Lithium, NSAIDs, digoxin, ACE inhibitors",Boehringer Ingelheim Pakistan,"Tablet 20mg, 40mg, 80mg",Telmisartan (generic),"Cozaar, Diovan, Olmecip",Prescription,adults only,18,False,False,True
Exforge,Amlodipine + Valsartan,C20H25ClN2O5 + C24H29N5O3,Antihypertensive combination (CCB + ARB),"hypertension,high blood pressure",Hypertension not controlled by single agent. Combination of CCB and ARB for additive blood pressure reduction.,5/80mg to 10/320mg once daily,Not recommended,Contraindicated,Start lower dose; titrate,Contraindicated (valsartan),"Peripheral edema, dizziness, headache, hyperkalemia, flushing",Avoid in pregnancy; do not combine with ACE inhibitor + ARB; monitor electrolytes,"Pregnancy, bilateral renal artery stenosis, diabetic patients on aliskiren","NSAIDs, potassium supplements, ACE inhibitors, cyclosporine",Novartis Pakistan,"Tablet 5/80mg, 5/160mg, 10/160mg, 5/320mg, 10/320mg",Amlodipine + Valsartan (generic),Exforge HCT (with HCTZ),Prescription,adults only,18,False,False,True
Cardura,Doxazosin Mesylate,C23H25N5O5·CH4O3S,Antihypertensive / BPH treatment (Alpha-1 blocker),"hypertension,benign prostatic hyperplasia,high blood pressure,urinary retention","Hypertension, benign prostatic hyperplasia (BPH) — improves urinary flow.",1-8mg once daily (hypertension); 1-8mg once daily (BPH),Not recommended,Not recommended,Start 1mg; first-dose hypotension risk,Avoid,"First-dose hypotension, dizziness, fatigue, edema, retrograde ejaculation",First-dose effect (take at bedtime); avoid in orthostatic hypotension; intraoperative floppy iris syndrome,"Hypersensitivity, hepatic impairment (extended release)","Other antihypertensives, PDE-5 inhibitors (severe hypotension), diuretics",Pfizer Pakistan,"Tablet 1mg, 2mg, 4mg, 8mg; XL 4mg, 8mg",Doxazosin (generic),"Doksazosin, Supressin",Prescription,adults only,18,False,False,True
Tritace,Ramipril,C23H32N2O5,Antihypertensive / Cardioprotective (ACE Inhibitor),"hypertension,heart failure,post-MI cardioprotection,diabetic nephropathy,high blood pressure","Hypertension, heart failure, post-MI cardioprotection, diabetic nephropathy, high cardiovascular risk reduction.",2.5-10mg once or twice daily,Not established,Contraindicated,Start 1.25mg; renal adjustment,Contraindicated,"Dry cough, dizziness, hyperkalemia, angioedema (rare), renal impairment",Avoid in pregnancy; persistent dry cough common; stop if angioedema; monitor K+ and creatinine,"Pregnancy, history of angioedema with ACE inhibitor, bilateral renal artery stenosis","NSAIDs, potassium supplements, ARBs, aliskiren, lithium",Sanofi Pakistan,"Capsule/Tablet 1.25mg, 2.5mg, 5mg, 10mg",Ramipril (generic),"Altace, Hypace",Prescription,adults only,18,False,False,True
Loprin,Aspirin (low dose),C9H8O4,Antiplatelet Agent,"heart attack prevention,stroke prevention,antiplatelet,clot prevention,cardiovascular disease",Prevention of myocardial infarction and stroke. Antiplatelet therapy in cardiovascular disease.,75-150mg once daily,Not used for antiplatelet purposes; Kawasaki disease only under specialist supervision,Contraindicated for antipyretic/anti-inflammatory use,75mg once daily; monitor for GI bleeding,Low-dose may be used in pre-eclampsia under supervision; avoid in 3rd trimester,"GI bleeding, stomach irritation, bruising, tinnitus (overdose)",Take with food or after meals; avoid with other NSAIDs; stop 7-10 days before surgery,"Active peptic ulcer, bleeding disorders, children under 16 for analgesic use","Warfarin, clopidogrel, NSAIDs, heparin",Bayer Pakistan,"Gastro-resistant tablet 75mg, 100mg",Aspirin (generic),"Ecosprin, Disprin CV",OTC / Prescription,adults only,18,False,False,False
Lipitor,Atorvastatin Calcium,C33H35FN2O5·Ca,Antihyperlipidemic (Statin),"high cholesterol,dyslipidemia,cardiovascular disease prevention,high LDL","Primary hypercholesterolemia, mixed dyslipidemia, cardiovascular event prevention, familial hypercholesterolemia.",10-80mg once daily (any time of day),10-20mg once daily (10-17 years with familial hypercholesterolemia),Not recommended,Standard dose; monitor for myopathy,Contraindicated,"Myopathy/myalgia, rhabdomyolysis (rare), elevated liver enzymes, headache, GI upset",Contraindicated in pregnancy; monitor liver function; avoid with certain drugs that increase levels,"Active liver disease, pregnancy, breastfeeding","Cyclosporine, gemfibrozil, niacin, macrolides, amlodipine (max 80mg)",Pfizer Pakistan,"Tablet 10mg, 20mg, 40mg, 80mg",Atorvastatin (generic),"Crestor (rosuvastatin), Zocor (simvastatin)",Prescription,adults and children over 10,10,False,False,True
Crestor,Rosuvastatin Calcium,C22H28FN3O6S·Ca,Antihyperlipidemic (Statin),"high cholesterol,dyslipidemia,high LDL,cardiovascular risk","Hypercholesterolemia, primary prevention of cardiovascular events, mixed dyslipidemia.",5-40mg once daily; max 40mg/day,5-20mg once daily (10-17 years),Not recommended,Start 5mg; Asian patients: start 5mg,Contraindicated,"Myalgia, myopathy, headache, constipation, abdominal pain, proteinuria",Contraindicated in pregnancy; monitor for muscle symptoms; renal monitoring,"Active liver disease, pregnancy, severe renal impairment, myopathy","Cyclosporine (max 5mg), gemfibrozil (avoid), antacids, warfarin",AstraZeneca Pakistan,"Tablet 5mg, 10mg, 20mg, 40mg",Rosuvastatin (generic),"Lipitor, Zocor",Prescription,adults and children over 10,10,False,False,True
Zocor,Simvastatin,C25H38O5,Antihyperlipidemic (Statin),"high cholesterol,dyslipidemia,cardiovascular disease prevention","Hypercholesterolemia, cardiovascular event prevention, type 2 diabetic dyslipidemia.",10-40mg once daily in the evening; max 80mg (restricted),10-40mg once daily (10-17 years),Not recommended,Start 10mg; max 20mg with interacting drugs,Contraindicated,"Myopathy (dose-dependent), elevated liver enzymes, headache, GI upset",80mg dose avoided due to myopathy risk; drug interactions limit dose; contraindicated in pregnancy,"Active liver disease, pregnancy, concomitant strong CYP3A4 inhibitors","Amlodipine (max 20mg simvastatin), amiodarone, cyclosporine, many antibiotics",MSD Pakistan,"Tablet 5mg, 10mg, 20mg, 40mg",Simvastatin (generic),"Lipitor, Crestor",Prescription,adults and children over 10,10,False,False,True
Surbex-Z,Multivitamin + Zinc (B-complex with Vitamin C and Zinc),Complex vitamin-mineral formulation,Vitamin / Mineral Supplement,"vitamin deficiency,zinc deficiency,fatigue,weakness,poor wound healing,immune support","Prevention and treatment of vitamin B-complex and zinc deficiencies, general nutrition support, post-illness recovery.",1 tablet twice daily,1 tablet once daily (consult physician),Not recommended,1-2 tablets daily,Use as directed by physician; folic acid may be insufficient for pregnancy needs,"Nausea (with zinc), yellow discoloration of urine (riboflavin), GI upset",May cause yellow urine (normal); take after food to reduce GI discomfort; zinc can interfere with copper absorption long-term,Hypervitaminosis,"Zinc reduces absorption of quinolones, tetracyclines",Abbott Laboratories Pakistan,Film-coated tablet,B-complex + Zinc multivitamins,"Neurobion, Centrum, Theragran Ultra",OTC,adults and children over 5,5,True,True,False
Neurobion,Vitamins B1 + B6 + B12,C12H17ClN4OS + C8H11NO3 + C63H88CoN14O14P,Vitamin B-complex supplement,"neuropathy,nerve pain,vitamin B deficiency,numbness,tingling,diabetic neuropathy,fatigue","Peripheral neuropathy, diabetic neuropathy, vitamin B1/B6/B12 deficiency, nerve regeneration support.",1 tablet 1-3 times daily or 1 ampoule IM/IV injection,Consult physician,Not recommended,1-2 tablets daily,Safe in normal doses,"Peripheral neuropathy from excess B6 (high doses), injection site pain, allergic reactions",Excess B6 (>200mg/day) causes sensory neuropathy; injection form for severe deficiency,Hypersensitivity; avoid high-dose B6 long-term,"Levodopa (B6 reduces efficacy unless combined with carbidopa), isoniazid",Merck Pakistan,Tablet; Forte tablet; Ampoule injection,Vitamin B1+B6+B12 (generic),"Surbex-Z, Methycobal, Vitabion",OTC,adults and children,0,True,True,False
Methycobal,Methylcobalamin (Vitamin B12),C63H91CoN13O14P,Vitamin B12 supplement,"vitamin B12 deficiency,neuropathy,anemia,numbness,tingling,fatigue,megaloblastic anemia","Peripheral neuropathy, vitamin B12 deficiency, megaloblastic anemia, diabetic neuropathy.",500mcg 3 times/day orally; injection 500mcg IM 3 times/week,As directed by physician,As directed,Standard dose,Safe; often prescribed,"Rare: mild GI discomfort, injection site pain",Different from cyanocobalamin; better absorbed; preferred in neuropathy,Hypersensitivity to cobalamin,"Metformin, PPIs, H2-blockers reduce B12 absorption",Eisai Pakistan / Various,Tablet 500mcg; Injection 500mcg/ml,Methylcobalamin (generic),"Neurobion, Vitabion",OTC / Prescription,all ages,0,True,True,False
CAC-1000 Plus,Calcium + Vitamin C + Vitamin D3,CaCO3 + C6H8O6 + C27H44O,Calcium + Vitamin Supplement,"calcium deficiency,bone weakness,osteoporosis,vitamin C deficiency,immune weakness,muscle cramps","Calcium and Vitamin C deficiency, osteoporosis prevention, immune support, muscle cramp prevention.",1 effervescent tablet dissolved in water once or twice daily,1 tablet daily (5+ years),Not recommended,1-2 tablets daily for osteoporosis prevention,Safe; recommended,"GI discomfort, constipation, nausea",Hypercalcemia risk with excessive intake; avoid with tetracyclines,"Hypercalcemia, kidney stones","Tetracyclines, fluoroquinolones, iron (reduces absorption if taken together)",Searle Pakistan,Effervescent tablet,Calcium + Vitamin C supplements,"Caltrate, Centrum, Oscal",OTC,adults and children over 5,5,True,True,False
Centrum,Multivitamin + Multimineral,Complex formulation,Multivitamin / Mineral Supplement,"nutritional deficiency,fatigue,immune weakness,general health maintenance","General nutritional supplementation, prevention of vitamin and mineral deficiencies, immune support.",1 tablet daily with food,Children's Centrum 1 tablet daily,Not recommended,Centrum Silver formulation preferred,Centrum Materna recommended for pregnancy,"Nausea (if taken on empty stomach), yellow urine (B vitamins), constipation (iron)",Take with food; iron-containing formulas can cause constipation; avoid in hemochromatosis,"Hemochromatosis, hypervitaminosis A or D","Iron reduces absorption of quinolones, tetracyclines",Haleon / Pfizer Pakistan,Tablet; Silver (elderly) tablet; Materna (pregnancy) tablet,Generic multivitamins,"Theragran Ultra, Surbex-Z",OTC,all ages,2,True,True,False
Caltrate,Calcium Carbonate + Vitamin D3,CaCO3 + C27H44O,Calcium + Vitamin D Supplement,"osteoporosis,calcium deficiency,vitamin D deficiency,bone pain,fracture risk","Osteoporosis prevention and treatment, calcium and vitamin D deficiency, post-menopausal bone health.",1-2 tablets twice daily with food,Consult physician,Not recommended,1 tablet twice daily; essential for osteoporosis,Safe and recommended,"Constipation, flatulence, hypercalcemia (excess), kidney stones",Take with meals; avoid in hypercalcemia; limit dose in renal impairment,"Hypercalcemia, kidney stones, severe renal impairment","Tetracyclines, iron, bisphosphonates (space by 2 hours)",Pfizer Pakistan,Tablet 600mg calcium + 400IU D3; Plus formulations,Calcium Carbonate + Vitamin D3 (generic),"CAC-1000 Plus, Oscal, Ostocalcium",OTC,adults and elderly,12,True,True,False
Evion,Vitamin E (alpha-Tocopherol Acetate),C31H52O3,Vitamin E Supplement / Antioxidant,"vitamin E deficiency,skin health,antioxidant,muscle weakness,neuropathy","Vitamin E deficiency, antioxidant support, skin health, male and female fertility support, intermittent claudication.",400 IU once daily; deficiency: up to 1000 IU/day,As per physician recommendation,As per physician,400 IU daily,Safe in normal doses (400 IU); avoid megadoses,"Nausea, diarrhea, bleeding (very high doses), fatigue",Megadoses increase bleeding risk; avoid with anticoagulants at high doses,"Hypervitaminosis E, active bleeding","Warfarin (increased bleeding at high doses), vitamin K",Merck Pakistan,"Capsule 200mg (200 IU), 400mg (400 IU); Cream",Vitamin E (generic tocopherol),"E-nat, Vitaneed E",OTC,all ages,0,True,True,False
Theragran Ultra,Multivitamin + Multimineral (comprehensive),Complex formulation,Multivitamin / Mineral Supplement,"nutritional deficiency,fatigue,immune weakness,vitamin deficiency,mineral deficiency",Comprehensive nutritional supplement for prevention of multiple vitamin and mineral deficiencies.,1 tablet daily,Not recommended (adult formulation),Not recommended,1 tablet daily,Physician consultation required,"Nausea, yellow urine, GI discomfort, constipation",Take with food; avoid in hemochromatosis; not a replacement for specific deficiency treatment,"Hemochromatosis, hypervitaminosis","Iron interacts with tetracyclines, quinolones",Squibb / BMS Pakistan,Tablet,Generic multivitamins,"Centrum, Surbex-Z",OTC,adults only,12,False,False,False
Vitamin D3 Sachet,Cholecalciferol (Vitamin D3),C27H44O,Vitamin D Supplement,"vitamin D deficiency,rickets,osteomalacia,bone pain,muscle weakness,immune weakness,fatigue","Vitamin D deficiency, rickets in children, osteomalacia, osteoporosis prevention, immune modulation.","1000-2000 IU daily (maintenance); 50,000 IU weekly for 8 weeks (deficiency treatment)",400-1000 IU daily (maintenance); treat deficiency per protocol,400 IU daily (prevention); consult physician for deficiency,1000-2000 IU daily; higher if serum 25-OHD very low,1000-2000 IU daily; consult physician,"Hypercalcemia (excess), constipation, nausea, kidney stones",Monitor serum 25-OHD levels; excessive supplementation causes toxicity; dissolve in water/milk,"Hypercalcemia, hypervitaminosis D, sarcoidosis","Thiazide diuretics (hypercalcemia risk), digoxin","Various Pakistan (Hilton Pharma, Sami, Getz)","Sachet 600IU, 1000IU, 2000IU, 50000IU; Drops; Capsule",Cholecalciferol (generic),"Vigantol, D-vite, Calcirol",OTC / Prescription (high dose),all ages,0,True,True,False
Polyfax,Polymyxin B + Bacitracin,Polypeptide antibiotics,Topical Antibiotic,"skin infection,wound infection,cuts,abrasions,burns,impetigo,infected eczema","Prevention and treatment of bacterial skin infections, infected wounds, cuts, burns, abrasions.",Apply thin layer to affected area 1-4 times daily,Apply thin layer to affected area 2-3 times daily,Apply sparingly under physician supervision,Standard topical application,Safe for topical use,"Contact dermatitis, local skin irritation, allergic reaction",For external use only; avoid in large wounds or prolonged use (systemic absorption risk with polymyxin B); avoid in ears if perforated eardrum,Known allergy to polymyxin or bacitracin,Minimal with topical use,GSK Pakistan,"Ointment 15g, 30g",Polymyxin B + Bacitracin (generic),"Fucidin, Neosporin, Bactroban",OTC,all ages,0,True,True,False
Fucidin,Fusidic Acid,C31H48O6,Topical Antibiotic,"skin infection,impetigo,infected eczema,folliculitis,wound infection","Staphylococcal skin infections, impetigo, infected eczema, folliculitis, infected wounds.",Apply to affected area 3-4 times daily for up to 10-14 days,Apply 2-3 times daily,Apply sparingly under physician supervision,Standard topical,Safe for limited topical use,"Local irritation, contact dermatitis, burning sensation",Avoid prolonged use to prevent resistance; avoid near eyes; for external use only,Fusidic acid hypersensitivity,Minimal with topical use,Leo Pharma Pakistan,Cream 2%; Ointment 2%; Gel (sodium fusidate),Fusidic acid (generic),"Polyfax, Bactroban",Prescription,all ages,0,True,True,True
Betnovate,Betamethasone Valerate,C27H37FO6,Topical Corticosteroid (potent),"eczema,psoriasis,dermatitis,skin inflammation,itching,allergic skin reactions","Inflammatory and pruritic skin conditions including eczema, psoriasis, contact dermatitis, seborrheic dermatitis.",Apply thin layer 1-2 times daily; max 2 weeks on face,Apply sparingly once daily; limit to 5-7 days on face,Not recommended except under specialist supervision,Standard topical; limit duration,Avoid extensive use; limited to small area short-term,"Skin thinning, striae, telangiectasia, acne, hypertrichosis (prolonged use), systemic effects with extensive use",Do not use on face for long term; avoid on infected skin; taper dose; not for nappy area in children,"Rosacea, acne, perioral dermatitis, fungal infections, viral skin infections",Minimal topically,GSK Pakistan,Cream 0.1%; Ointment 0.1%; Lotion 0.1%; Scalp application,Betamethasone valerate (generic),"Celestoderm, Diprosone",Prescription,adults and children over 2,2,False,False,True
Skinoren,Azelaic Acid,C9H16O4,Topical Acne Treatment / Dermatological,"acne,rosacea,hyperpigmentation,comedones,inflammatory acne","Acne vulgaris, rosacea, post-inflammatory hyperpigmentation, mild to moderate inflammatory acne.",Apply thin layer to affected area twice daily (morning and evening),Not routinely used under 12,Not recommended,Standard application,Category B; safe in 2nd and 3rd trimester; consult physician,"Tingling, burning, stinging on application, skin dryness, itching",Avoid eyes and mouth; use sunscreen; may cause temporary lightening of dark skin,Azelaic acid hypersensitivity,None significant topically,Bayer Pakistan,Cream 20%; Gel 15%,Azelaic acid (generic),"Finacea, Acneze",Prescription,adults and adolescents over 12,12,True,True,True
Kenacomb,Triamcinolone + Neomycin + Gramicidin + Nystatin,Complex combination,Topical combination (Corticosteroid + Antibiotic + Antifungal),"infected eczema,mixed skin infection,skin inflammation with bacterial or fungal infection","Inflammatory skin conditions with bacterial or fungal secondary infection, infected eczema, intertrigo.",Apply thin layer 2-4 times daily,Apply sparingly 2 times daily,Avoid or use under strict physician supervision,Standard topical; limit duration,Avoid extensive or prolonged use,"Skin thinning (steroid), sensitization to neomycin, systemic absorption with extensive use",Avoid prolonged use; avoid on face; neomycin sensitization risk; not for viral or primary fungal infections alone,"Tuberculosis of skin, herpes simplex, varicella, neomycin hypersensitivity",Minimal topically,Squibb Pakistan,Cream; Ointment; Ear/Eye drops,Triamcinolone + Neomycin + Nystatin (generic),"Quadriderm, Dermovate combination",Prescription,adults and children over 2,2,False,False,True
Quadriderm,Betamethasone + Gentamicin + Tolnaftate + Clioquinol,Complex combination,Topical combination (Corticosteroid + Antibacterial + Antifungal),"mixed skin infection,tinea,fungal infection with inflammation,infected eczema","Inflammatory dermatoses with concurrent bacterial and fungal infection, tinea infections with secondary inflammation.",Apply thin layer to affected area 2-3 times daily,Apply sparingly once or twice daily,Avoid or use under strict supervision,Limit duration; monitor for systemic effects,Avoid,"Skin thinning, acne, striae, gentamicin sensitization, skin discoloration (clioquinol)",Short-term use only; avoid on face; clioquinol may stain clothing and skin,"Viral skin diseases, tuberculosis of skin, known hypersensitivity to components",Minimal topically,Schering-Plough / MSD Pakistan,Cream; Ointment,Betamethasone + Gentamicin + Antifungal (generic),"Kenacomb, Daktacort",Prescription,adults and children over 2,2,False,False,True
Xanax,Alprazolam,C17H13ClN4,Anxiolytic (Benzodiazepine),"anxiety,panic disorder,generalized anxiety disorder,social anxiety,phobia","Generalized anxiety disorder (GAD), panic disorder, social anxiety disorder. Short-term treatment only.",0.25-0.5mg 3 times/day; panic disorder: up to 10mg/day in divided doses,Not recommended,Contraindicated,0.25mg 2-3 times/day; high risk of falls and confusion,Avoid; causes neonatal withdrawal and cleft palate risk,"Sedation, drowsiness, impaired coordination, dependence, withdrawal syndrome, memory impairment",High dependence potential; short-term use only; taper slowly to stop; avoid alcohol; impairs driving,"Acute narrow-angle glaucoma, severe respiratory depression, myasthenia gravis, pregnancy","Alcohol, opioids, other CNS depressants, ketoconazole, CYP3A4 inhibitors",Pfizer Pakistan,"Tablet 0.25mg, 0.5mg, 1mg, 2mg; XR 0.5mg, 1mg, 2mg, 3mg",Alprazolam (generic),"Lexotanil (bromazepam), Librium (chlordiazepoxide)",Prescription (controlled),adults only,18,False,False,True
Lexotanil,Bromazepam,C14H10BrN3O,Anxiolytic (Benzodiazepine),"anxiety,tension,insomnia,generalized anxiety disorder","Anxiety, tension, and agitation. Short-term treatment of anxiety disorders.",1.5-3mg 2-3 times/day; max 18mg/day,Not recommended,Contraindicated,Start 1.5mg; high risk of falls,Avoid,"Sedation, drowsiness, ataxia, dependence, withdrawal",Dependence risk; short-term use; avoid alcohol and driving; do not stop abruptly,"Myasthenia gravis, sleep apnea, severe hepatic impairment, pregnancy","Alcohol, CNS depressants, anticonvulsants",Roche Pakistan,"Tablet 1.5mg, 3mg, 6mg",Bromazepam (generic),"Xanax, Ativan",Prescription (controlled),adults only,18,False,False,True
Prozac,Fluoxetine HCl,C17H18F3NO·HCl,Antidepressant (SSRI),"depression,OCD,panic disorder,bulimia,PMDD,anxiety","Major depressive disorder, OCD, panic disorder, bulimia nervosa, PMDD, social anxiety disorder.",20mg once daily (morning); max 80mg/day; increase after 4 weeks if needed,10-20mg once daily (8+ years for depression/OCD),Not recommended,10-20mg once daily; longer half-life means slower titration,Category C; risks vs benefits; neonatal withdrawal possible,"Nausea, insomnia, anxiety, sexual dysfunction, weight changes, serotonin syndrome (rare), suicidal ideation in youth",Monitor for suicidal thoughts in young adults; allow 4-6 weeks for effect; long washout period; avoid MAOIs,"MAOI use within 14 days, pimozide, thioridazine","MAOIs (serotonin syndrome), tramadol, triptans, lithium, warfarin, pimozide",Eli Lilly Pakistan,"Capsule/Tablet 10mg, 20mg, 40mg; Liquid 20mg/5ml",Fluoxetine (generic),"Zoloft (sertraline), Cipralex (escitalopram)",Prescription,adults and children over 8,8,False,False,True
Zoloft,Sertraline HCl,C17H17Cl2N·HCl,Antidepressant (SSRI),"depression,OCD,PTSD,panic disorder,social anxiety,PMDD","Major depression, OCD, PTSD, panic disorder, social anxiety disorder, PMDD.",50mg once daily; increase to 200mg/day if needed,25mg once daily (6-12 years for OCD); increase slowly,Not recommended,25-50mg; titrate slowly; hepatic dose adjustment,Category C; neonatal adaptation syndrome possible,"Nausea, diarrhea, sexual dysfunction, insomnia, dry mouth, sweating",Monitor suicidality in young adults; 4-6 weeks for full effect; do not stop abruptly,"MAOIs within 14 days, pimozide","MAOIs, tramadol, warfarin, pimozide, lithium",Pfizer Pakistan,"Tablet 25mg, 50mg, 100mg; Oral concentrate",Sertraline (generic),"Prozac, Cipralex",Prescription,adults and children over 6,6,False,False,True
Cipralex,Escitalopram Oxalate,C20H21FN2O·C2H2O4,Antidepressant (SSRI),"depression,generalized anxiety disorder,panic disorder,OCD,social anxiety","Major depression, GAD, panic disorder, OCD, social anxiety disorder.",10mg once daily; increase to 20mg if needed,Not recommended (12-17 years: under specialist only),Not recommended,5-10mg once daily (hepatic dose),Category C; PPHN risk with late pregnancy use,"Nausea, headache, insomnia, sexual dysfunction, sweating, QT prolongation",QT prolongation at higher doses; monitor in elderly; suicidality in youth warning,"MAOIs within 14 days, QT prolongation, citalopram combined","MAOIs, tramadol, pimozide, QT-prolonging drugs, metoprolol",Lundbeck Pakistan,"Tablet 5mg, 10mg, 20mg",Escitalopram (generic),"Zoloft, Prozac, Lexapro",Prescription,adults only,18,False,False,True
Neuromet,Pregabalin,C8H17NO2,Anticonvulsant / Neuropathic Pain Agent,"neuropathic pain,diabetic neuropathy,postherpetic neuralgia,fibromyalgia,epilepsy,anxiety","Neuropathic pain (diabetic, PHN), fibromyalgia, adjunct therapy for epilepsy, GAD (off-label in Pakistan).",75-150mg twice daily; max 600mg/day,Not established,Not recommended,Renal dose adjustment; start low,Category C; avoid,"Dizziness, somnolence, weight gain, blurred vision, edema, euphoria (abuse potential)",Do not stop abruptly; renal dose adjustment; abuse potential; suicidality risk; avoid driving,Hypersensitivity,"Opioids (CNS depression), alcohol, lorazepam, thiazolidinediones",Getz Pharma Pakistan,"Capsule 25mg, 50mg, 75mg, 100mg, 150mg, 200mg, 300mg",Pregabalin (generic),"Lyrica, Pregalin",Prescription (controlled),adults only,18,False,False,True
Tegretol,Carbamazepine,C15H12N2O,Anticonvulsant / Mood Stabilizer,"epilepsy,seizures,trigeminal neuralgia,bipolar disorder,neuropathic pain","Epilepsy (partial and generalized tonic-clonic), trigeminal neuralgia, bipolar disorder, neuropathic pain.",200mg twice daily initially; increase to 800-1200mg/day; therapeutic monitoring required,10-20mg/kg/day in divided doses,Consult neurologist,Start low; increased risk of SIADH and cardiac conduction effects,Category D; teratogenic (spina bifida); use only if essential,"Dizziness, diplopia, drowsiness, ataxia, hyponatremia, Stevens-Johnson syndrome (HLA-B*1502 carriers), agranulocytosis",Genetic testing for HLA-B*1502 in Asian patients; monitor CBC and sodium; many drug interactions,"Bone marrow suppression, MAOIs, tricyclic antidepressants, AV heart block","Many CYP450 interactions — macrolides, azoles, valproate, phenytoin, warfarin, OCP",Novartis Pakistan,"Tablet 100mg, 200mg, 400mg; CR tablet; Suspension 100mg/5ml",Carbamazepine (generic),"Carbatol, Mazetol",Prescription,all ages,0,False,False,True
Neurontin,Gabapentin,C9H17NO2,Anticonvulsant / Neuropathic Pain Agent,"neuropathic pain,epilepsy,postherpetic neuralgia,diabetic neuropathy,restless leg syndrome","Epilepsy (adjunct), postherpetic neuralgia, diabetic neuropathy, restless legs syndrome.",300mg on day 1; 300mg twice daily day 2; 300mg 3 times daily day 3; titrate to 1800-3600mg/day,10-15mg/kg/day in 3 divided doses (3+ years),Not established,Renal dose adjustment; start low,Category C; avoid,"Dizziness, somnolence, ataxia, fatigue, weight gain, peripheral edema",Do not stop abruptly; renal dose adjustment; abuse potential; suicidality warning,Hypersensitivity,"Antacids reduce absorption, opioids, alcohol, CNS depressants",Pfizer Pakistan,"Capsule 100mg, 300mg, 400mg; Tablet 600mg, 800mg; Solution",Gabapentin (generic),"Neuromet (pregabalin), Gabapin",Prescription,adults and children over 3,3,False,False,True
Depakine,Sodium Valproate / Valproic Acid,C8H16O2·Na,Anticonvulsant / Mood Stabilizer,"epilepsy,seizures,bipolar disorder,migraine prevention","All types of epilepsy, bipolar disorder (mood stabilizer), migraine prophylaxis.",600-2400mg/day in 2-3 divided doses; serum monitoring required,Initially 15-20mg/kg/day; maintenance 20-30mg/kg/day,High risk of fatal hepatotoxicity; avoid if possible,Reduce dose; hepatic caution,"Category X / highest teratogenic risk; avoid absolutely if possible (neural tube, autism, cognitive defects)","Weight gain, tremor, hair loss, GI upset, hepatotoxicity, pancreatitis, thrombocytopenia",Teratogenic — highly dangerous in pregnancy; monitor liver function and CBC; drug interactions via enzyme inhibition,"Pregnancy (unless absolutely necessary), hepatic disease, mitochondrial disease, personal/family history of hepatic porphyria","Carbamazepine, phenytoin, lamotrigine, aspirin, warfarin",Sanofi Pakistan,"Tablet 200mg, 500mg; Chrono tablet 300mg, 500mg; Syrup 200mg/5ml; IV",Valproate (generic),"Epilim, Valparin",Prescription,adults and children over 2 (avoid under 2),2,False,False,True
Euthyrox,Levothyroxine Sodium,C15H10I4NNaO4,Thyroid Hormone Replacement,"hypothyroidism,myxedema,goiter,thyroid cancer (post-surgery),fatigue,weight gain,cold intolerance","Hypothyroidism, myxedema coma, thyroid cancer (as suppression therapy), non-toxic goiter.",Start 25-50mcg/day; increase by 25mcg every 4-6 weeks; usual maintenance 100-200mcg/day,2-4mcg/kg/day; neonates: 10-15mcg/kg/day,10-15mcg/kg/day (neonatal hypothyroidism critical to treat early),Start 12.5-25mcg; titrate slowly; cardiac monitoring,Dose often needs to increase; TSH monitoring every trimester; safe and essential in pregnancy,"Overdose: palpitations, angina, arrhythmia, tremor, weight loss, heat intolerance, insomnia",Take 30-60 min before breakfast on empty stomach; avoid with calcium/iron by 4 hours; monitor TSH 6-8 weeks after dose change,"Untreated adrenal insufficiency, uncorrected thyrotoxicosis","Calcium, iron, antacids (reduce absorption), warfarin, amiodarone, phenytoin",Merck Pakistan,"Tablet 25mcg, 50mcg, 75mcg, 88mcg, 100mcg, 125mcg, 150mcg, 200mcg",Levothyroxine (generic),"Thyroxine (generic), Synthroid, Levothroid",Prescription,all ages,0,True,True,True
Thyroxine,Levothyroxine Sodium,C15H10I4NNaO4,Thyroid Hormone Replacement,"hypothyroidism,fatigue,weight gain,cold intolerance,myxedema",Hypothyroidism replacement therapy. Generic equivalent of Euthyrox.,25-200mcg once daily before breakfast,2-4mcg/kg/day,10-15mcg/kg/day (neonates),Start low; titrate slowly,Essential; increase dose monitoring,"Signs of thyrotoxicosis if overdosed: palpitations, tremor, sweating",Take on empty stomach; space from interfering drugs; monitor TSH,"Thyrotoxicosis, uncorrected adrenal insufficiency","Calcium, iron, antacids, warfarin",Various Pakistan,"Tablet 50mcg, 100mcg",Levothyroxine (generic),"Euthyrox, Synthroid",Prescription,all ages,0,True,True,True
Duphaston,Dydrogesterone,C21H28O2,Progestogen / Hormone,"threatened miscarriage,recurrent miscarriage,dysmenorrhea,endometriosis,irregular periods,PMS","Threatened and habitual miscarriage, dysmenorrhea, endometriosis, premenstrual syndrome, secondary amenorrhea, irregular menstruation.",Threatened miscarriage: 40mg then 10mg every 8 hours; dysmenorrhea: 10mg twice daily days 5-25,Not applicable (female reproductive health),Not applicable,Rarely used,First-line progestogen for threatened miscarriage; safe in pregnancy,"Nausea, headache, breast tenderness, breakthrough bleeding",Not a contraceptive; not an androgenic progestogen (better tolerated); monitor for depression,"Undiagnosed vaginal bleeding, liver tumors, sex hormone-dependent malignancy","Enzyme inducers (phenytoin, rifampicin) reduce efficacy",Abbott Laboratories Pakistan,Tablet 10mg,Dydrogesterone (generic),"Utrogestan (progesterone), Primolut-N (norethisterone)",Prescription,adult females only,16,True,False,True
Primolut-N,Norethisterone (Norethindrone),C20H26O2,Progestogen / Hormone,"abnormal uterine bleeding,dysmenorrhea,endometriosis,delayed menstruation,premenstrual syndrome","Dysfunctional uterine bleeding, dysmenorrhea, endometriosis, postponement of menstruation, contraception (mini-pill).",Dysmenorrhea: 5mg 3 times/day from days 5-24; postpone menstruation: 5mg 3 times/day starting 3 days before expected period,Not applicable,Not applicable,Not typically used,Avoid in 1st trimester; may cause virilization of female fetus,"Nausea, weight gain, bloating, breakthrough bleeding, mood changes, acne",Not for use in 1st trimester; mild androgenic effect; thrombosis risk in high doses,"Pregnancy (1st trimester), thrombosis history, liver disease, undiagnosed vaginal bleeding","Enzyme inducers (rifampicin, phenytoin)",Bayer Pakistan,Tablet 5mg,Norethisterone (generic),"Duphaston, Utrogestan",Prescription,adult females only,16,False,False,True
Cytotec,Misoprostol,C22H38O5,Prostaglandin E1 analog / Gastric mucosal protectant,"peptic ulcer,NSAID-induced ulcer,gastric protection,cervical ripening (medical use only)","Prevention and treatment of NSAID-induced gastric ulcers, gastric protection; also used in obstetrics for cervical ripening and labor induction (medical settings only).",Ulcer prevention: 200mcg with each NSAID dose (4 times/day); gastric: 400-800mcg/day,Not established for GI use,Not recommended,Standard GI dose,CONTRAINDICATED for GI use (causes abortion); ONLY used under medical supervision for obstetric indications,"Diarrhea, abdominal cramps, nausea, shivering, fever",Strictly contraindicated in pregnancy for GI use; teratogenic; regulated controlled substance,"Pregnancy (for GI use), allergy to prostaglandins","Antacids (magnesium-containing worsen diarrhea), oxytocin",Pfizer Pakistan,Tablet 200mcg,Misoprostol (generic),No direct OTC substitute for its GI use,Prescription (highly regulated),adults only (under medical supervision),18,False,False,True
Buscopan,Hyoscine Butylbromide (Scopolamine Butylbromide),C21H30BrNO4,Antispasmodic (Anticholinergic),"abdominal cramps,IBS,stomach spasm,ureteral colic,biliary colic,intestinal spasm,menstrual cramps","Abdominal, biliary, and renal colic; irritable bowel syndrome (IBS); menstrual cramps; intestinal spasm.",20mg (2 tablets) up to 4 times/day; IV/IM: 20mg every 30 minutes (max 100mg/day),10mg (1 tablet) 3 times/day,Not recommended orally; consult physician,Standard dose; caution in urinary retention and glaucoma,Avoid in 1st trimester; used in later stages for labor under supervision,"Dry mouth, tachycardia, urinary retention, blurred vision, constipation","Avoid in glaucoma, urinary retention, myasthenia gravis; does not cross blood-brain barrier","Glaucoma, urinary retention, myasthenia gravis, paralytic ileus","Anticholinergics (additive), amantadine, antihistamines",Sanofi Pakistan,Tablet 10mg; Injection 20mg/ml; Drops,Hyoscine butylbromide (generic),"Colofac, Mebeverine",OTC (tablet) / Prescription (injection),adults and children over 6,6,False,False,False
Imodium,Loperamide HCl,C29H33ClN2O2·HCl,Antidiarrheal,"diarrhea,traveler diarrhea,IBS diarrhea,acute diarrhea,chronic diarrhea","Acute non-specific diarrhea, traveler's diarrhea, diarrhea-predominant IBS.","4mg initially, then 2mg after each loose stool; max 16mg/day","1mg 3 times/day (2-5 years, max 3 days); 2mg 3 times/day (6-8 years); 2mg 4 times/day (9-11 years)",Contraindicated,Standard dose,Category B; use with caution,"Constipation, nausea, abdominal cramps, dizziness, dry mouth",Do not use in infectious diarrhea with fever/blood; avoid in children under 2; stop if no improvement in 48 hours,"Infectious diarrhea (fever/blood), children under 2, acute ulcerative colitis, C. difficile","Saquinavir, ritonavir, quinidine (increase loperamide plasma levels)",Janssen Pakistan,Capsule 2mg; Tablet 2mg; Syrup 1mg/5ml,Loperamide (generic),"Loparol, Lomodex",OTC,adults and children over 2,2,True,False,False
Dulcolax,Bisacodyl,C22H19NO4,Stimulant Laxative,"constipation,bowel preparation,chronic constipation","Constipation, bowel preparation before procedures, post-operative constipation.",5-10mg tablet at night; suppository: 10mg,5mg tablet at night (4+ years); suppository 5mg (under 10 years),Suppository only under physician supervision,5mg; avoid dependence,Avoid; stimulant laxatives not preferred; use bulk-forming agents,"Abdominal cramps, diarrhea, hypokalemia (prolonged use), nausea",Do not take within 1 hour of antacids or milk; not for long-term use; may cause electrolyte imbalance,"Intestinal obstruction, acute abdominal conditions, inflammatory bowel disease","Diuretics, antacids, milk (reduce enteric coating effectiveness)",Sanofi Pakistan,"Enteric-coated tablet 5mg; Suppository 10mg, 5mg; Drops",Bisacodyl (generic),"Laxoberon, Fleet",OTC,adults and children over 4,4,False,False,False
ORS,Oral Rehydration Salts (WHO formula),NaCl + KCl + Na citrate + Glucose (WHO low-osmolarity formula),Rehydration Agent,"dehydration,diarrhea,vomiting,gastroenteritis,cholera,heat exhaustion","Prevention and treatment of dehydration due to diarrhea, vomiting, cholera, heat exhaustion.",200-400ml after each loose stool; total 2-4 liters/day as needed,50-100ml/kg over 2-4 hours for mild-moderate dehydration; 200ml after each loose stool,50-100ml/kg over 4 hours (WHO protocol); give with spoon or syringe,Encourage as tolerated; monitor for hypernatremia,Safe and recommended,"Nausea (if taken too fast), hypernatremia (if ORS made incorrectly)",Prepare correctly with safe water; do not add sugar; seek medical help for severe dehydration,"Severe dehydration (requires IV), ileus",None,Various Pakistan (WHO-certified formulations),Sachets (dissolve in 1 liter water); Ready-to-drink solution,ORS (WHO formula generic),"Pedialyte, Electral",OTC,all ages,0,True,True,False
Ansaid,Flurbiprofen,C15H13FO2,NSAID / Analgesic / Anti-inflammatory,"arthritis,joint pain,inflammation,pain,menstrual cramps,postoperative pain","Rheumatoid arthritis, osteoarthritis, pain relief, dysmenorrhea.",200-300mg/day in 2-4 divided doses; max 300mg/day,Not established,Not recommended,Start low dose; renal monitoring,Avoid; especially 3rd trimester,"GI upset, nausea, headache, dizziness, edema",Take with food; GI risk; avoid in peptic ulcer; cardiovascular risk,"Active peptic ulcer, severe renal/hepatic impairment, 3rd trimester pregnancy","Warfarin, lithium, methotrexate, antihypertensives",Pharmacia (Pfizer) Pakistan,"Tablet 50mg, 100mg; Eye drops (ophthalmic use)",Flurbiprofen (generic),"Brufen, Dicloran, Ponstan",Prescription,adults only,18,False,False,True
